INSERT INTO User(userid,fname,lname,email,password,type,division) VALUES('srikant','Srikant','V S','srikantvs26@gmail.com','admin@123','admin',0);
INSERT INTO User(userid,fname,lname,email,password,type,division,doj) VALUES('johndoe','John','Doe','johndoe@gmail.com','user@123','user',26,'27/02/2020');
INSERT INTO User(userid,fname,lname,email,password,type,division,doj) VALUES('janedoe','Jane','Doe','janedoe@gmail.com','user@123','user',26,'23/01/2020');
INSERT INTO User(userid,fname,lname,email,password,type,division,doj) VALUES('ravikumar','Ravi','Kumar','ravikumar@gmail.com','motivator@123','motivator',26,'01/12/2019');
INSERT INTO User(userid,fname,lname,email,password,type,division,doj) VALUES('marthan','Martha','N','marthan@gmail.com','user@123','user',24,'05/11/2019');
INSERT INTO User(userid,fname,lname,email,password,type,division,doj) VALUES('jonask','Jonas','K','jonask@gmail.com','user@123','user',24,'10/01/2020');
INSERT INTO User(userid,fname,lname,email,password,type,division,doj) VALUES('sumeets','Sumeet','Singh','sumeets@gmail.com','motivator@123','motivator',24,'15/12/2019');



INSERT INTO Newuser(email,fname,lname,age,gender,mobile,address,city,state,country,pincode,height,weight,medical,dietary,food,referral,status) VALUES('sumeets@gmail.com','Sumeet','Singh',25,'Male','7382456600','karrapakam','Hyd','Telangana','India',505002,190,89,'Not Applicable','Not Applicable','veg','Mahender','approved');
INSERT INTO Newuser(email,fname,lname,age,gender,mobile,address,city,state,country,pincode,height,weight,medical,dietary,food,referral,status) VALUES('jonask@gmail.com','Jonas','K',29,'Male','9582186600','guindy','chennai','Tamil Nadu','India',505002,185,78,'Not Applicable','Not Applicable','veg','Virender','approved');
INSERT INTO Newuser(email,fname,lname,age,gender,mobile,address,city,state,country,pincode,height,weight,medical,dietary,food,referral,status) VALUES('marthan@gmail.com','Martha','N',25,'Female','9982146600','Sholingnallur','Hyd','Telangana','India',505002,176,79,'Not Applicable','Not Applicable','Mahesh','guu','approved');
INSERT INTO Newuser(email,fname,lname,age,gender,mobile,address,city,state,country,pincode,height,weight,medical,dietary,food,referral,status) VALUES('ravikumar@gmail.com','Ravi','Kumar',25,'Male','7382906600','Thirvanmayur','Hyd','Telangana','India',505002,180,80,'Not Applicable','Not Applicable','veg','Ram','approved');
INSERT INTO Newuser(email,fname,lname,age,gender,mobile,address,city,state,country,pincode,height,weight,medical,dietary,food,referral,status) VALUES('janedoe@gmail.com','Jane','Doe',25,'Female','7952146600','Chepak','Hyd','Telangana','India',505002,172,70,'Not Applicable','Not Applicable','veg','Adithya','approved');
INSERT INTO Newuser(email,fname,lname,age,gender,mobile,address,city,state,country,pincode,height,weight,medical,dietary,food,referral,status) VALUES('johndoe@gmail.com','John','Doe',25,'Male','79821466630','Park Town','Hyd','Telangana','India',505002,185,90,'Not Applicable','Not Applicable','veg','Naidu','approved');



																																						




INSERT INTO Monthlymeasures(id,fname,email,firstname,secondname,thirdname,zone) VALUES(-1,'Micheal','micheal.v@gmail.com','null','null','null',24);
INSERT INTO Monthlymeasures(id,fname,email,firstname,secondname,thirdname,zone) VALUES(-2,'Jonas','jonask@gmail.com','null','null','null',24);
INSERT INTO Monthlymeasures(id,fname,email,firstname,secondname,thirdname,zone) VALUES(-3,'Sumeet','sumeets@gmail.com','null','null','null',24);
INSERT INTO Monthlymeasures(id,fname,email,firstname,secondname,thirdname,zone) VALUES(-4,'John','johndoe@gmail.com','null','null','null',26);
INSERT INTO Monthlymeasures(id,fname,email,firstname,secondname,thirdname,zone) VALUES(-5,'Jane','janedoe@gmail.com','null','null','null',26);
INSERT INTO Monthlymeasures(id,fname,email,firstname,secondname,thirdname,zone) VALUES(-6,'Ravi','ravikumar@gmail.com','null','null','null',26);